Timing Analyzer report for baseball_integration
Thu Mar  5 16:51:17 2026
Quartus Prime Version 25.1std.0 Build 1129 10/21/2025 SC Lite Edition


---------------------
; Table of Contents ;
---------------------
  1. Legal Notice
  2. Timing Analyzer Summary
  3. Parallel Compilation
  4. Clocks
  5. Slow 1200mV 85C Model Fmax Summary
  6. Slow 1200mV 85C Model Setup Summary
  7. Slow 1200mV 85C Model Hold Summary
  8. Slow 1200mV 85C Model Recovery Summary
  9. Slow 1200mV 85C Model Removal Summary
 10. Slow 1200mV 85C Model Minimum Pulse Width Summary
 11. Slow 1200mV 85C Model Metastability Summary
 12. Slow 1200mV 0C Model Fmax Summary
 13. Slow 1200mV 0C Model Setup Summary
 14. Slow 1200mV 0C Model Hold Summary
 15. Slow 1200mV 0C Model Recovery Summary
 16. Slow 1200mV 0C Model Removal Summary
 17. Slow 1200mV 0C Model Minimum Pulse Width Summary
 18. Slow 1200mV 0C Model Metastability Summary
 19. Fast 1200mV 0C Model Setup Summary
 20. Fast 1200mV 0C Model Hold Summary
 21. Fast 1200mV 0C Model Recovery Summary
 22. Fast 1200mV 0C Model Removal Summary
 23. Fast 1200mV 0C Model Minimum Pulse Width Summary
 24. Fast 1200mV 0C Model Metastability Summary
 25. Multicorner Timing Analysis Summary
 26. Board Trace Model Assignments
 27. Input Transition Times
 28. Signal Integrity Metrics (Slow 1200mv 0c Model)
 29. Signal Integrity Metrics (Slow 1200mv 85c Model)
 30. Signal Integrity Metrics (Fast 1200mv 0c Model)
 31. Setup Transfers
 32. Hold Transfers
 33. Report TCCS
 34. Report RSKM
 35. Unconstrained Paths Summary
 36. Clock Status Summary
 37. Unconstrained Input Ports
 38. Unconstrained Output Ports
 39. Unconstrained Input Ports
 40. Unconstrained Output Ports
 41. Timing Analyzer Messages



----------------
; Legal Notice ;
----------------
Copyright (C) 2025  Altera Corporation. All rights reserved.
Your use of Altera Corporation's design tools, logic functions 
and other software and tools, and any partner logic 
functions, and any output files from any of the foregoing 
(including device programming or simulation files), and any 
associated documentation or information are expressly subject 
to the terms and conditions of the Altera Program License 
Subscription Agreement, the Altera Quartus Prime License Agreement,
the Altera IP License Agreement, or other applicable license
agreement, including, without limitation, that your use is for
the sole purpose of programming logic devices manufactured by
Altera and sold by Altera or its authorized distributors.  Please
refer to the Altera Software License Subscription Agreements 
on the Quartus Prime software download page.



+---------------------------------------------------------------------------------+
; Timing Analyzer Summary                                                         ;
+-----------------------+---------------------------------------------------------+
; Quartus Prime Version ; Version 25.1std.0 Build 1129 10/21/2025 SC Lite Edition ;
; Timing Analyzer       ; Legacy Timing Analyzer                                  ;
; Revision Name         ; baseball_integration                                    ;
; Device Family         ; MAX 10                                                  ;
; Device Name           ; 10M50DAF484C7G                                          ;
; Timing Models         ; Final                                                   ;
; Delay Model           ; Combined                                                ;
; Rise/Fall Delays      ; Enabled                                                 ;
+-----------------------+---------------------------------------------------------+


+------------------------------------------+
; Parallel Compilation                     ;
+----------------------------+-------------+
; Processors                 ; Number      ;
+----------------------------+-------------+
; Number detected on machine ; 16          ;
; Maximum allowed            ; 10          ;
;                            ;             ;
; Average used               ; 1.25        ;
; Maximum used               ; 10          ;
;                            ;             ;
; Usage by Processor         ; % Time Used ;
;     Processor 1            ; 100.0%      ;
;     Processor 2            ;   2.8%      ;
;     Processors 3-10        ;   2.8%      ;
+----------------------------+-------------+


+------------------------------------------------------------------------------------------------------------------------------------------------------------------------------------------------------------------------------+
; Clocks                                                                                                                                                                                                                       ;
+-------------------------------+------+--------+------------+-------+-------+------------+-----------+-------------+-------+--------+-----------+------------+----------+--------+--------+-----------------------------------+
; Clock Name                    ; Type ; Period ; Frequency  ; Rise  ; Fall  ; Duty Cycle ; Divide by ; Multiply by ; Phase ; Offset ; Edge List ; Edge Shift ; Inverted ; Master ; Source ; Targets                           ;
+-------------------------------+------+--------+------------+-------+-------+------------+-----------+-------------+-------+--------+-----------+------------+----------+--------+--------+-----------------------------------+
; de10_clk                      ; Base ; 1.000  ; 1000.0 MHz ; 0.000 ; 0.500 ;            ;           ;             ;       ;        ;           ;            ;          ;        ;        ; { de10_clk }                      ;
; frequency:GAME_CLOCK|temp_clk ; Base ; 1.000  ; 1000.0 MHz ; 0.000 ; 0.500 ;            ;           ;             ;       ;        ;           ;            ;          ;        ;        ; { frequency:GAME_CLOCK|temp_clk } ;
; frequency:TX_CLOCK|temp_clk   ; Base ; 1.000  ; 1000.0 MHz ; 0.000 ; 0.500 ;            ;           ;             ;       ;        ;           ;            ;          ;        ;        ; { frequency:TX_CLOCK|temp_clk }   ;
; frequency:VGA_CLOCK|temp_clk  ; Base ; 1.000  ; 1000.0 MHz ; 0.000 ; 0.500 ;            ;           ;             ;       ;        ;           ;            ;          ;        ;        ; { frequency:VGA_CLOCK|temp_clk }  ;
+-------------------------------+------+--------+------------+-------+-------+------------+-----------+-------------+-------+--------+-----------+------------+----------+--------+--------+-----------------------------------+


+---------------------------------------------------------------------------------------------------------------+
; Slow 1200mV 85C Model Fmax Summary                                                                            ;
+------------+-----------------+-------------------------------+------------------------------------------------+
; Fmax       ; Restricted Fmax ; Clock Name                    ; Note                                           ;
+------------+-----------------+-------------------------------+------------------------------------------------+
; 122.03 MHz ; 122.03 MHz      ; de10_clk                      ;                                                ;
; 177.37 MHz ; 177.37 MHz      ; frequency:GAME_CLOCK|temp_clk ;                                                ;
; 319.59 MHz ; 319.59 MHz      ; frequency:VGA_CLOCK|temp_clk  ;                                                ;
; 557.1 MHz  ; 416.15 MHz      ; frequency:TX_CLOCK|temp_clk   ; limit due to minimum period restriction (tmin) ;
+------------+-----------------+-------------------------------+------------------------------------------------+
This panel reports FMAX for every clock in the design, regardless of the user-specified clock periods.  FMAX is only computed for paths where the source and destination registers or ports are driven by the same clock.  Paths of different clocks, including generated clocks, are ignored.  For paths between a clock and its inversion, FMAX is computed as if the rising and falling edges are scaled along with FMAX, such that the duty cycle (in terms of a percentage) is maintained. Altera recommends that you always use clock constraints and other slack reports for sign-off analysis.


+--------------------------------------------------------+
; Slow 1200mV 85C Model Setup Summary                    ;
+-------------------------------+--------+---------------+
; Clock                         ; Slack  ; End Point TNS ;
+-------------------------------+--------+---------------+
; de10_clk                      ; -7.195 ; -256.789      ;
; frequency:GAME_CLOCK|temp_clk ; -4.638 ; -116.475      ;
; frequency:VGA_CLOCK|temp_clk  ; -2.129 ; -29.493       ;
; frequency:TX_CLOCK|temp_clk   ; -1.908 ; -14.187       ;
+-------------------------------+--------+---------------+


+-------------------------------------------------------+
; Slow 1200mV 85C Model Hold Summary                    ;
+-------------------------------+-------+---------------+
; Clock                         ; Slack ; End Point TNS ;
+-------------------------------+-------+---------------+
; frequency:GAME_CLOCK|temp_clk ; 0.347 ; 0.000         ;
; frequency:TX_CLOCK|temp_clk   ; 0.402 ; 0.000         ;
; frequency:VGA_CLOCK|temp_clk  ; 0.518 ; 0.000         ;
; de10_clk                      ; 0.628 ; 0.000         ;
+-------------------------------+-------+---------------+


------------------------------------------
; Slow 1200mV 85C Model Recovery Summary ;
------------------------------------------
No paths to report.


-----------------------------------------
; Slow 1200mV 85C Model Removal Summary ;
-----------------------------------------
No paths to report.


+--------------------------------------------------------+
; Slow 1200mV 85C Model Minimum Pulse Width Summary      ;
+-------------------------------+--------+---------------+
; Clock                         ; Slack  ; End Point TNS ;
+-------------------------------+--------+---------------+
; de10_clk                      ; -3.000 ; -139.091      ;
; frequency:GAME_CLOCK|temp_clk ; -1.403 ; -49.105       ;
; frequency:TX_CLOCK|temp_clk   ; -1.403 ; -44.896       ;
; frequency:VGA_CLOCK|temp_clk  ; -1.403 ; -28.060       ;
+-------------------------------+--------+---------------+


-----------------------------------------------
; Slow 1200mV 85C Model Metastability Summary ;
-----------------------------------------------
No synchronizer chains to report.


+---------------------------------------------------------------------------------------------------------------+
; Slow 1200mV 0C Model Fmax Summary                                                                             ;
+------------+-----------------+-------------------------------+------------------------------------------------+
; Fmax       ; Restricted Fmax ; Clock Name                    ; Note                                           ;
+------------+-----------------+-------------------------------+------------------------------------------------+
; 131.7 MHz  ; 131.7 MHz       ; de10_clk                      ;                                                ;
; 192.01 MHz ; 192.01 MHz      ; frequency:GAME_CLOCK|temp_clk ;                                                ;
; 350.51 MHz ; 350.51 MHz      ; frequency:VGA_CLOCK|temp_clk  ;                                                ;
; 612.0 MHz  ; 416.15 MHz      ; frequency:TX_CLOCK|temp_clk   ; limit due to minimum period restriction (tmin) ;
+------------+-----------------+-------------------------------+------------------------------------------------+
This panel reports FMAX for every clock in the design, regardless of the user-specified clock periods.  FMAX is only computed for paths where the source and destination registers or ports are driven by the same clock.  Paths of different clocks, including generated clocks, are ignored.  For paths between a clock and its inversion, FMAX is computed as if the rising and falling edges are scaled along with FMAX, such that the duty cycle (in terms of a percentage) is maintained. Altera recommends that you always use clock constraints and other slack reports for sign-off analysis.


+--------------------------------------------------------+
; Slow 1200mV 0C Model Setup Summary                     ;
+-------------------------------+--------+---------------+
; Clock                         ; Slack  ; End Point TNS ;
+-------------------------------+--------+---------------+
; de10_clk                      ; -6.593 ; -224.137      ;
; frequency:GAME_CLOCK|temp_clk ; -4.208 ; -104.580      ;
; frequency:VGA_CLOCK|temp_clk  ; -1.853 ; -25.017       ;
; frequency:TX_CLOCK|temp_clk   ; -1.654 ; -11.432       ;
+-------------------------------+--------+---------------+


+-------------------------------------------------------+
; Slow 1200mV 0C Model Hold Summary                     ;
+-------------------------------+-------+---------------+
; Clock                         ; Slack ; End Point TNS ;
+-------------------------------+-------+---------------+
; frequency:GAME_CLOCK|temp_clk ; 0.312 ; 0.000         ;
; frequency:TX_CLOCK|temp_clk   ; 0.359 ; 0.000         ;
; frequency:VGA_CLOCK|temp_clk  ; 0.460 ; 0.000         ;
; de10_clk                      ; 0.580 ; 0.000         ;
+-------------------------------+-------+---------------+


-----------------------------------------
; Slow 1200mV 0C Model Recovery Summary ;
-----------------------------------------
No paths to report.


----------------------------------------
; Slow 1200mV 0C Model Removal Summary ;
----------------------------------------
No paths to report.


+--------------------------------------------------------+
; Slow 1200mV 0C Model Minimum Pulse Width Summary       ;
+-------------------------------+--------+---------------+
; Clock                         ; Slack  ; End Point TNS ;
+-------------------------------+--------+---------------+
; de10_clk                      ; -3.000 ; -139.091      ;
; frequency:GAME_CLOCK|temp_clk ; -1.403 ; -49.105       ;
; frequency:TX_CLOCK|temp_clk   ; -1.403 ; -44.896       ;
; frequency:VGA_CLOCK|temp_clk  ; -1.403 ; -28.060       ;
+-------------------------------+--------+---------------+


----------------------------------------------
; Slow 1200mV 0C Model Metastability Summary ;
----------------------------------------------
No synchronizer chains to report.


+--------------------------------------------------------+
; Fast 1200mV 0C Model Setup Summary                     ;
+-------------------------------+--------+---------------+
; Clock                         ; Slack  ; End Point TNS ;
+-------------------------------+--------+---------------+
; de10_clk                      ; -2.414 ; -48.447       ;
; frequency:GAME_CLOCK|temp_clk ; -1.365 ; -28.118       ;
; frequency:VGA_CLOCK|temp_clk  ; -0.327 ; -2.473        ;
; frequency:TX_CLOCK|temp_clk   ; -0.263 ; -0.784        ;
+-------------------------------+--------+---------------+


+-------------------------------------------------------+
; Fast 1200mV 0C Model Hold Summary                     ;
+-------------------------------+-------+---------------+
; Clock                         ; Slack ; End Point TNS ;
+-------------------------------+-------+---------------+
; frequency:GAME_CLOCK|temp_clk ; 0.152 ; 0.000         ;
; frequency:TX_CLOCK|temp_clk   ; 0.161 ; 0.000         ;
; frequency:VGA_CLOCK|temp_clk  ; 0.190 ; 0.000         ;
; de10_clk                      ; 0.242 ; 0.000         ;
+-------------------------------+-------+---------------+


-----------------------------------------
; Fast 1200mV 0C Model Recovery Summary ;
-----------------------------------------
No paths to report.


----------------------------------------
; Fast 1200mV 0C Model Removal Summary ;
----------------------------------------
No paths to report.


+--------------------------------------------------------+
; Fast 1200mV 0C Model Minimum Pulse Width Summary       ;
+-------------------------------+--------+---------------+
; Clock                         ; Slack  ; End Point TNS ;
+-------------------------------+--------+---------------+
; de10_clk                      ; -3.000 ; -102.665      ;
; frequency:GAME_CLOCK|temp_clk ; -1.000 ; -35.000       ;
; frequency:TX_CLOCK|temp_clk   ; -1.000 ; -32.000       ;
; frequency:VGA_CLOCK|temp_clk  ; -1.000 ; -20.000       ;
+-------------------------------+--------+---------------+


----------------------------------------------
; Fast 1200mV 0C Model Metastability Summary ;
----------------------------------------------
No synchronizer chains to report.


+----------------------------------------------------------------------------------------------+
; Multicorner Timing Analysis Summary                                                          ;
+--------------------------------+----------+-------+----------+---------+---------------------+
; Clock                          ; Setup    ; Hold  ; Recovery ; Removal ; Minimum Pulse Width ;
+--------------------------------+----------+-------+----------+---------+---------------------+
; Worst-case Slack               ; -7.195   ; 0.152 ; N/A      ; N/A     ; -3.000              ;
;  de10_clk                      ; -7.195   ; 0.242 ; N/A      ; N/A     ; -3.000              ;
;  frequency:GAME_CLOCK|temp_clk ; -4.638   ; 0.152 ; N/A      ; N/A     ; -1.403              ;
;  frequency:TX_CLOCK|temp_clk   ; -1.908   ; 0.161 ; N/A      ; N/A     ; -1.403              ;
;  frequency:VGA_CLOCK|temp_clk  ; -2.129   ; 0.190 ; N/A      ; N/A     ; -1.403              ;
; Design-wide TNS                ; -416.944 ; 0.0   ; 0.0      ; 0.0     ; -261.152            ;
;  de10_clk                      ; -256.789 ; 0.000 ; N/A      ; N/A     ; -139.091            ;
;  frequency:GAME_CLOCK|temp_clk ; -116.475 ; 0.000 ; N/A      ; N/A     ; -49.105             ;
;  frequency:TX_CLOCK|temp_clk   ; -14.187  ; 0.000 ; N/A      ; N/A     ; -44.896             ;
;  frequency:VGA_CLOCK|temp_clk  ; -29.493  ; 0.000 ; N/A      ; N/A     ; -28.060             ;
+--------------------------------+----------+-------+----------+---------+---------------------+


+---------------------------------------------------------------------------------------------------------------------------------------------------------------------------------------------------------------------------------------------------------------------------------------------------------------------------------------------------------------------------------------------------------------------+
; Board Trace Model Assignments                                                                                                                                                                                                                                                                                                                                                                                       ;
+------------------+--------------+-------------------+-------------------------+-------------------------+---------------+---------------------+----------------+------------------+--------+------------------+------------------------+------------------------+--------------+---------------+-----------------+-------+---------------------+--------------------+---------------+-----------------+-------------+
; Pin              ; I/O Standard ; Near Tline Length ; Near Tline L per Length ; Near Tline C per Length ; Near Series R ; Near Differential R ; Near Pull-up R ; Near Pull-down R ; Near C ; Far Tline Length ; Far Tline L per Length ; Far Tline C per Length ; Far Series R ; Far Pull-up R ; Far Pull-down R ; Far C ; Termination Voltage ; Far Differential R ; EBD File Name ; EBD Signal Name ; EBD Far-end ;
+------------------+--------------+-------------------+-------------------------+-------------------------+---------------+---------------------+----------------+------------------+--------+------------------+------------------------+------------------------+--------------+---------------+-----------------+-------+---------------------+--------------------+---------------+-----------------+-------------+
; vga_hsync        ; 2.5 V        ; 0 in              ; 0 H/in                  ; 0 F/in                  ; short         ; -                   ; open           ; open             ; open   ; 0 in             ; 0 H/in                 ; 0 F/in                 ; short        ; open          ; open            ; open  ; 0 V                 ; -                  ; n/a           ; n/a             ; n/a         ;
; vga_vsync        ; 2.5 V        ; 0 in              ; 0 H/in                  ; 0 F/in                  ; short         ; -                   ; open           ; open             ; open   ; 0 in             ; 0 H/in                 ; 0 F/in                 ; short        ; open          ; open            ; open  ; 0 V                 ; -                  ; n/a           ; n/a             ; n/a         ;
; vga_red[0]       ; 2.5 V        ; 0 in              ; 0 H/in                  ; 0 F/in                  ; short         ; -                   ; open           ; open             ; open   ; 0 in             ; 0 H/in                 ; 0 F/in                 ; short        ; open          ; open            ; open  ; 0 V                 ; -                  ; n/a           ; n/a             ; n/a         ;
; vga_red[1]       ; 2.5 V        ; 0 in              ; 0 H/in                  ; 0 F/in                  ; short         ; -                   ; open           ; open             ; open   ; 0 in             ; 0 H/in                 ; 0 F/in                 ; short        ; open          ; open            ; open  ; 0 V                 ; -                  ; n/a           ; n/a             ; n/a         ;
; vga_red[2]       ; 2.5 V        ; 0 in              ; 0 H/in                  ; 0 F/in                  ; short         ; -                   ; open           ; open             ; open   ; 0 in             ; 0 H/in                 ; 0 F/in                 ; short        ; open          ; open            ; open  ; 0 V                 ; -                  ; n/a           ; n/a             ; n/a         ;
; vga_red[3]       ; 2.5 V        ; 0 in              ; 0 H/in                  ; 0 F/in                  ; short         ; -                   ; open           ; open             ; open   ; 0 in             ; 0 H/in                 ; 0 F/in                 ; short        ; open          ; open            ; open  ; 0 V                 ; -                  ; n/a           ; n/a             ; n/a         ;
; vga_green[0]     ; 2.5 V        ; 0 in              ; 0 H/in                  ; 0 F/in                  ; short         ; -                   ; open           ; open             ; open   ; 0 in             ; 0 H/in                 ; 0 F/in                 ; short        ; open          ; open            ; open  ; 0 V                 ; -                  ; n/a           ; n/a             ; n/a         ;
; vga_green[1]     ; 2.5 V        ; 0 in              ; 0 H/in                  ; 0 F/in                  ; short         ; -                   ; open           ; open             ; open   ; 0 in             ; 0 H/in                 ; 0 F/in                 ; short        ; open          ; open            ; open  ; 0 V                 ; -                  ; n/a           ; n/a             ; n/a         ;
; vga_green[2]     ; 2.5 V        ; 0 in              ; 0 H/in                  ; 0 F/in                  ; short         ; -                   ; open           ; open             ; open   ; 0 in             ; 0 H/in                 ; 0 F/in                 ; short        ; open          ; open            ; open  ; 0 V                 ; -                  ; n/a           ; n/a             ; n/a         ;
; vga_green[3]     ; 2.5 V        ; 0 in              ; 0 H/in                  ; 0 F/in                  ; short         ; -                   ; open           ; open             ; open   ; 0 in             ; 0 H/in                 ; 0 F/in                 ; short        ; open          ; open            ; open  ; 0 V                 ; -                  ; n/a           ; n/a             ; n/a         ;
; vga_blue[0]      ; 2.5 V        ; 0 in              ; 0 H/in                  ; 0 F/in                  ; short         ; -                   ; open           ; open             ; open   ; 0 in             ; 0 H/in                 ; 0 F/in                 ; short        ; open          ; open            ; open  ; 0 V                 ; -                  ; n/a           ; n/a             ; n/a         ;
; vga_blue[1]      ; 2.5 V        ; 0 in              ; 0 H/in                  ; 0 F/in                  ; short         ; -                   ; open           ; open             ; open   ; 0 in             ; 0 H/in                 ; 0 F/in                 ; short        ; open          ; open            ; open  ; 0 V                 ; -                  ; n/a           ; n/a             ; n/a         ;
; vga_blue[2]      ; 2.5 V        ; 0 in              ; 0 H/in                  ; 0 F/in                  ; short         ; -                   ; open           ; open             ; open   ; 0 in             ; 0 H/in                 ; 0 F/in                 ; short        ; open          ; open            ; open  ; 0 V                 ; -                  ; n/a           ; n/a             ; n/a         ;
; vga_blue[3]      ; 2.5 V        ; 0 in              ; 0 H/in                  ; 0 F/in                  ; short         ; -                   ; open           ; open             ; open   ; 0 in             ; 0 H/in                 ; 0 F/in                 ; short        ; open          ; open            ; open  ; 0 V                 ; -                  ; n/a           ; n/a             ; n/a         ;
; tx_serial        ; 2.5 V        ; 0 in              ; 0 H/in                  ; 0 F/in                  ; short         ; -                   ; open           ; open             ; open   ; 0 in             ; 0 H/in                 ; 0 F/in                 ; short        ; open          ; open            ; open  ; 0 V                 ; -                  ; n/a           ; n/a             ; n/a         ;
; current_state[0] ; 2.5 V        ; 0 in              ; 0 H/in                  ; 0 F/in                  ; short         ; -                   ; open           ; open             ; open   ; 0 in             ; 0 H/in                 ; 0 F/in                 ; short        ; open          ; open            ; open  ; 0 V                 ; -                  ; n/a           ; n/a             ; n/a         ;
; current_state[1] ; 2.5 V        ; 0 in              ; 0 H/in                  ; 0 F/in                  ; short         ; -                   ; open           ; open             ; open   ; 0 in             ; 0 H/in                 ; 0 F/in                 ; short        ; open          ; open            ; open  ; 0 V                 ; -                  ; n/a           ; n/a             ; n/a         ;
; current_state[2] ; 2.5 V        ; 0 in              ; 0 H/in                  ; 0 F/in                  ; short         ; -                   ; open           ; open             ; open   ; 0 in             ; 0 H/in                 ; 0 F/in                 ; short        ; open          ; open            ; open  ; 0 V                 ; -                  ; n/a           ; n/a             ; n/a         ;
; current_state[3] ; 2.5 V        ; 0 in              ; 0 H/in                  ; 0 F/in                  ; short         ; -                   ; open           ; open             ; open   ; 0 in             ; 0 H/in                 ; 0 F/in                 ; short        ; open          ; open            ; open  ; 0 V                 ; -                  ; n/a           ; n/a             ; n/a         ;
; current_state[4] ; 2.5 V        ; 0 in              ; 0 H/in                  ; 0 F/in                  ; short         ; -                   ; open           ; open             ; open   ; 0 in             ; 0 H/in                 ; 0 F/in                 ; short        ; open          ; open            ; open  ; 0 V                 ; -                  ; n/a           ; n/a             ; n/a         ;
; ~ALTERA_TDO~     ; 2.5 V        ; 0 in              ; 0 H/in                  ; 0 F/in                  ; short         ; -                   ; open           ; open             ; open   ; 0 in             ; 0 H/in                 ; 0 F/in                 ; short        ; open          ; open            ; open  ; 0 V                 ; -                  ; n/a           ; n/a             ; n/a         ;
+------------------+--------------+-------------------+-------------------------+-------------------------+---------------+---------------------+----------------+------------------+--------+------------------+------------------------+------------------------+--------------+---------------+-----------------+-------+---------------------+--------------------+---------------+-----------------+-------------+


+---------------------------------------------------------------------------------+
; Input Transition Times                                                          ;
+---------------------+-----------------------+-----------------+-----------------+
; Pin                 ; I/O Standard          ; 10-90 Rise Time ; 90-10 Fall Time ;
+---------------------+-----------------------+-----------------+-----------------+
; reset               ; 2.5 V                 ; 2000 ps         ; 2000 ps         ;
; ready               ; 2.5 V                 ; 2000 ps         ; 2000 ps         ;
; swing_sensor        ; 2.5 V                 ; 2000 ps         ; 2000 ps         ;
; de10_clk            ; 2.5 V                 ; 2000 ps         ; 2000 ps         ;
; ~ALTERA_TMS~        ; 2.5 V Schmitt Trigger ; 2000 ps         ; 2000 ps         ;
; ~ALTERA_TCK~        ; 2.5 V Schmitt Trigger ; 2000 ps         ; 2000 ps         ;
; ~ALTERA_TDI~        ; 2.5 V Schmitt Trigger ; 2000 ps         ; 2000 ps         ;
; ~ALTERA_CONFIG_SEL~ ; 2.5 V                 ; 2000 ps         ; 2000 ps         ;
; ~ALTERA_nCONFIG~    ; 2.5 V Schmitt Trigger ; 2000 ps         ; 2000 ps         ;
; ~ALTERA_nSTATUS~    ; 2.5 V Schmitt Trigger ; 2000 ps         ; 2000 ps         ;
; ~ALTERA_CONF_DONE~  ; 2.5 V Schmitt Trigger ; 2000 ps         ; 2000 ps         ;
+---------------------+-----------------------+-----------------+-----------------+


+-----------------------------------------------------------------------------------------------------------------------------------------------------------------------------------------------------------------------------------------------------------------------------------------------------------------------------------------------------------------------------------------------------------------------------------------------------------------------------------------------------------------------------------------------------------------------------------------------------------------------------------------------------------------------------------------------+
; Signal Integrity Metrics (Slow 1200mv 0c Model)                                                                                                                                                                                                                                                                                                                                                                                                                                                                                                                                                                                                                                               ;
+------------------+--------------+---------------------+---------------------+------------------------------+------------------------------+---------------------+---------------------+--------------------------------------+--------------------------------------+-----------------------------+-----------------------------+----------------------------+----------------------------+-----------------------------+-----------------------------+--------------------+--------------------+-------------------------------------+-------------------------------------+----------------------------+----------------------------+---------------------------+---------------------------+
; Pin              ; I/O Standard ; Board Delay on Rise ; Board Delay on Fall ; Steady State Voh at FPGA Pin ; Steady State Vol at FPGA Pin ; Voh Max at FPGA Pin ; Vol Min at FPGA Pin ; Ringback Voltage on Rise at FPGA Pin ; Ringback Voltage on Fall at FPGA Pin ; 10-90 Rise Time at FPGA Pin ; 90-10 Fall Time at FPGA Pin ; Monotonic Rise at FPGA Pin ; Monotonic Fall at FPGA Pin ; Steady State Voh at Far-end ; Steady State Vol at Far-end ; Voh Max at Far-end ; Vol Min at Far-end ; Ringback Voltage on Rise at Far-end ; Ringback Voltage on Fall at Far-end ; 10-90 Rise Time at Far-end ; 90-10 Fall Time at Far-end ; Monotonic Rise at Far-end ; Monotonic Fall at Far-end ;
+------------------+--------------+---------------------+---------------------+------------------------------+------------------------------+---------------------+---------------------+--------------------------------------+--------------------------------------+-----------------------------+-----------------------------+----------------------------+----------------------------+-----------------------------+-----------------------------+--------------------+--------------------+-------------------------------------+-------------------------------------+----------------------------+----------------------------+---------------------------+---------------------------+
; vga_hsync        ; 2.5 V        ; 0 s                 ; 0 s                 ; 2.32 V                       ; 8.25e-09 V                   ; 2.41 V              ; -0.0871 V           ; 0.291 V                              ; 0.138 V                              ; 3.15e-10 s                  ; 4.16e-10 s                  ; No                         ; Yes                        ; 2.32 V                      ; 8.25e-09 V                  ; 2.41 V             ; -0.0871 V          ; 0.291 V                             ; 0.138 V                             ; 3.15e-10 s                 ; 4.16e-10 s                 ; No                        ; Yes                       ;
; vga_vsync        ; 2.5 V        ; 0 s                 ; 0 s                 ; 2.32 V                       ; 8.25e-09 V                   ; 2.41 V              ; -0.0859 V           ; 0.289 V                              ; 0.136 V                              ; 3.15e-10 s                  ; 4.16e-10 s                  ; No                         ; Yes                        ; 2.32 V                      ; 8.25e-09 V                  ; 2.41 V             ; -0.0859 V          ; 0.289 V                             ; 0.136 V                             ; 3.15e-10 s                 ; 4.16e-10 s                 ; No                        ; Yes                       ;
; vga_red[0]       ; 2.5 V        ; 0 s                 ; 0 s                 ; 2.32 V                       ; 8.26e-09 V                   ; 2.4 V               ; -0.0783 V           ; 0.157 V                              ; 0.167 V                              ; 4.55e-10 s                  ; 4.33e-10 s                  ; No                         ; Yes                        ; 2.32 V                      ; 8.26e-09 V                  ; 2.4 V              ; -0.0783 V          ; 0.157 V                             ; 0.167 V                             ; 4.55e-10 s                 ; 4.33e-10 s                 ; No                        ; Yes                       ;
; vga_red[1]       ; 2.5 V        ; 0 s                 ; 0 s                 ; 2.32 V                       ; 8.25e-09 V                   ; 2.33 V              ; -0.00596 V          ; 0.237 V                              ; 0.191 V                              ; 3.94e-09 s                  ; 3.71e-09 s                  ; No                         ; Yes                        ; 2.32 V                      ; 8.25e-09 V                  ; 2.33 V             ; -0.00596 V         ; 0.237 V                             ; 0.191 V                             ; 3.94e-09 s                 ; 3.71e-09 s                 ; No                        ; Yes                       ;
; vga_red[2]       ; 2.5 V        ; 0 s                 ; 0 s                 ; 2.32 V                       ; 8.25e-09 V                   ; 2.41 V              ; -0.0871 V           ; 0.291 V                              ; 0.138 V                              ; 3.15e-10 s                  ; 4.16e-10 s                  ; No                         ; Yes                        ; 2.32 V                      ; 8.25e-09 V                  ; 2.41 V             ; -0.0871 V          ; 0.291 V                             ; 0.138 V                             ; 3.15e-10 s                 ; 4.16e-10 s                 ; No                        ; Yes                       ;
; vga_red[3]       ; 2.5 V        ; 0 s                 ; 0 s                 ; 2.32 V                       ; 8.25e-09 V                   ; 2.41 V              ; -0.0871 V           ; 0.291 V                              ; 0.138 V                              ; 3.15e-10 s                  ; 4.16e-10 s                  ; No                         ; Yes                        ; 2.32 V                      ; 8.25e-09 V                  ; 2.41 V             ; -0.0871 V          ; 0.291 V                             ; 0.138 V                             ; 3.15e-10 s                 ; 4.16e-10 s                 ; No                        ; Yes                       ;
; vga_green[0]     ; 2.5 V        ; 0 s                 ; 0 s                 ; 2.32 V                       ; 8.25e-09 V                   ; 2.41 V              ; -0.0871 V           ; 0.291 V                              ; 0.138 V                              ; 3.15e-10 s                  ; 4.16e-10 s                  ; No                         ; Yes                        ; 2.32 V                      ; 8.25e-09 V                  ; 2.41 V             ; -0.0871 V          ; 0.291 V                             ; 0.138 V                             ; 3.15e-10 s                 ; 4.16e-10 s                 ; No                        ; Yes                       ;
; vga_green[1]     ; 2.5 V        ; 0 s                 ; 0 s                 ; 2.32 V                       ; 8.25e-09 V                   ; 2.41 V              ; -0.0859 V           ; 0.289 V                              ; 0.136 V                              ; 3.15e-10 s                  ; 4.16e-10 s                  ; No                         ; Yes                        ; 2.32 V                      ; 8.25e-09 V                  ; 2.41 V             ; -0.0859 V          ; 0.289 V                             ; 0.136 V                             ; 3.15e-10 s                 ; 4.16e-10 s                 ; No                        ; Yes                       ;
; vga_green[2]     ; 2.5 V        ; 0 s                 ; 0 s                 ; 2.32 V                       ; 8.25e-09 V                   ; 2.41 V              ; -0.0859 V           ; 0.289 V                              ; 0.136 V                              ; 3.15e-10 s                  ; 4.16e-10 s                  ; No                         ; Yes                        ; 2.32 V                      ; 8.25e-09 V                  ; 2.41 V             ; -0.0859 V          ; 0.289 V                             ; 0.136 V                             ; 3.15e-10 s                 ; 4.16e-10 s                 ; No                        ; Yes                       ;
; vga_green[3]     ; 2.5 V        ; 0 s                 ; 0 s                 ; 2.32 V                       ; 8.25e-09 V                   ; 2.41 V              ; -0.0871 V           ; 0.291 V                              ; 0.138 V                              ; 3.15e-10 s                  ; 4.16e-10 s                  ; No                         ; Yes                        ; 2.32 V                      ; 8.25e-09 V                  ; 2.41 V             ; -0.0871 V          ; 0.291 V                             ; 0.138 V                             ; 3.15e-10 s                 ; 4.16e-10 s                 ; No                        ; Yes                       ;
; vga_blue[0]      ; 2.5 V        ; 0 s                 ; 0 s                 ; 2.32 V                       ; 8.25e-09 V                   ; 2.41 V              ; -0.0859 V           ; 0.289 V                              ; 0.136 V                              ; 3.15e-10 s                  ; 4.16e-10 s                  ; No                         ; Yes                        ; 2.32 V                      ; 8.25e-09 V                  ; 2.41 V             ; -0.0859 V          ; 0.289 V                             ; 0.136 V                             ; 3.15e-10 s                 ; 4.16e-10 s                 ; No                        ; Yes                       ;
; vga_blue[1]      ; 2.5 V        ; 0 s                 ; 0 s                 ; 2.32 V                       ; 8.25e-09 V                   ; 2.41 V              ; -0.0871 V           ; 0.291 V                              ; 0.138 V                              ; 3.15e-10 s                  ; 4.16e-10 s                  ; No                         ; Yes                        ; 2.32 V                      ; 8.25e-09 V                  ; 2.41 V             ; -0.0871 V          ; 0.291 V                             ; 0.138 V                             ; 3.15e-10 s                 ; 4.16e-10 s                 ; No                        ; Yes                       ;
; vga_blue[2]      ; 2.5 V        ; 0 s                 ; 0 s                 ; 2.32 V                       ; 8.25e-09 V                   ; 2.41 V              ; -0.0871 V           ; 0.291 V                              ; 0.138 V                              ; 3.15e-10 s                  ; 4.16e-10 s                  ; No                         ; Yes                        ; 2.32 V                      ; 8.25e-09 V                  ; 2.41 V             ; -0.0871 V          ; 0.291 V                             ; 0.138 V                             ; 3.15e-10 s                 ; 4.16e-10 s                 ; No                        ; Yes                       ;
; vga_blue[3]      ; 2.5 V        ; 0 s                 ; 0 s                 ; 2.32 V                       ; 8.25e-09 V                   ; 2.41 V              ; -0.0859 V           ; 0.289 V                              ; 0.136 V                              ; 3.15e-10 s                  ; 4.16e-10 s                  ; No                         ; Yes                        ; 2.32 V                      ; 8.25e-09 V                  ; 2.41 V             ; -0.0859 V          ; 0.289 V                             ; 0.136 V                             ; 3.15e-10 s                 ; 4.16e-10 s                 ; No                        ; Yes                       ;
; tx_serial        ; 2.5 V        ; 0 s                 ; 0 s                 ; 2.32 V                       ; 8.25e-09 V                   ; 2.41 V              ; -0.0871 V           ; 0.291 V                              ; 0.138 V                              ; 3.15e-10 s                  ; 4.16e-10 s                  ; No                         ; Yes                        ; 2.32 V                      ; 8.25e-09 V                  ; 2.41 V             ; -0.0871 V          ; 0.291 V                             ; 0.138 V                             ; 3.15e-10 s                 ; 4.16e-10 s                 ; No                        ; Yes                       ;
; current_state[0] ; 2.5 V        ; 0 s                 ; 0 s                 ; 2.32 V                       ; 8.25e-09 V                   ; 2.41 V              ; -0.0859 V           ; 0.289 V                              ; 0.136 V                              ; 3.15e-10 s                  ; 4.16e-10 s                  ; No                         ; Yes                        ; 2.32 V                      ; 8.25e-09 V                  ; 2.41 V             ; -0.0859 V          ; 0.289 V                             ; 0.136 V                             ; 3.15e-10 s                 ; 4.16e-10 s                 ; No                        ; Yes                       ;
; current_state[1] ; 2.5 V        ; 0 s                 ; 0 s                 ; 2.32 V                       ; 8.25e-09 V                   ; 2.41 V              ; -0.0871 V           ; 0.291 V                              ; 0.138 V                              ; 3.15e-10 s                  ; 4.16e-10 s                  ; No                         ; Yes                        ; 2.32 V                      ; 8.25e-09 V                  ; 2.41 V             ; -0.0871 V          ; 0.291 V                             ; 0.138 V                             ; 3.15e-10 s                 ; 4.16e-10 s                 ; No                        ; Yes                       ;
; current_state[2] ; 2.5 V        ; 0 s                 ; 0 s                 ; 2.32 V                       ; 8.25e-09 V                   ; 2.41 V              ; -0.0859 V           ; 0.289 V                              ; 0.136 V                              ; 3.15e-10 s                  ; 4.16e-10 s                  ; No                         ; Yes                        ; 2.32 V                      ; 8.25e-09 V                  ; 2.41 V             ; -0.0859 V          ; 0.289 V                             ; 0.136 V                             ; 3.15e-10 s                 ; 4.16e-10 s                 ; No                        ; Yes                       ;
; current_state[3] ; 2.5 V        ; 0 s                 ; 0 s                 ; 2.32 V                       ; 8.25e-09 V                   ; 2.41 V              ; -0.0871 V           ; 0.291 V                              ; 0.138 V                              ; 3.15e-10 s                  ; 4.16e-10 s                  ; No                         ; Yes                        ; 2.32 V                      ; 8.25e-09 V                  ; 2.41 V             ; -0.0871 V          ; 0.291 V                             ; 0.138 V                             ; 3.15e-10 s                 ; 4.16e-10 s                 ; No                        ; Yes                       ;
; current_state[4] ; 2.5 V        ; 0 s                 ; 0 s                 ; 2.32 V                       ; 8.25e-09 V                   ; 2.41 V              ; -0.0871 V           ; 0.291 V                              ; 0.138 V                              ; 3.15e-10 s                  ; 4.16e-10 s                  ; No                         ; Yes                        ; 2.32 V                      ; 8.25e-09 V                  ; 2.41 V             ; -0.0871 V          ; 0.291 V                             ; 0.138 V                             ; 3.15e-10 s                 ; 4.16e-10 s                 ; No                        ; Yes                       ;
; ~ALTERA_TDO~     ; 2.5 V        ; 0 s                 ; 0 s                 ; 2.32 V                       ; 1.39e-08 V                   ; 2.39 V              ; -0.0409 V           ; 0.211 V                              ; 0.121 V                              ; 4.7e-10 s                   ; 5.93e-10 s                  ; No                         ; Yes                        ; 2.32 V                      ; 1.39e-08 V                  ; 2.39 V             ; -0.0409 V          ; 0.211 V                             ; 0.121 V                             ; 4.7e-10 s                  ; 5.93e-10 s                 ; No                        ; Yes                       ;
+------------------+--------------+---------------------+---------------------+------------------------------+------------------------------+---------------------+---------------------+--------------------------------------+--------------------------------------+-----------------------------+-----------------------------+----------------------------+----------------------------+-----------------------------+-----------------------------+--------------------+--------------------+-------------------------------------+-------------------------------------+----------------------------+----------------------------+---------------------------+---------------------------+


+-----------------------------------------------------------------------------------------------------------------------------------------------------------------------------------------------------------------------------------------------------------------------------------------------------------------------------------------------------------------------------------------------------------------------------------------------------------------------------------------------------------------------------------------------------------------------------------------------------------------------------------------------------------------------------------------------+
; Signal Integrity Metrics (Slow 1200mv 85c Model)                                                                                                                                                                                                                                                                                                                                                                                                                                                                                                                                                                                                                                              ;
+------------------+--------------+---------------------+---------------------+------------------------------+------------------------------+---------------------+---------------------+--------------------------------------+--------------------------------------+-----------------------------+-----------------------------+----------------------------+----------------------------+-----------------------------+-----------------------------+--------------------+--------------------+-------------------------------------+-------------------------------------+----------------------------+----------------------------+---------------------------+---------------------------+
; Pin              ; I/O Standard ; Board Delay on Rise ; Board Delay on Fall ; Steady State Voh at FPGA Pin ; Steady State Vol at FPGA Pin ; Voh Max at FPGA Pin ; Vol Min at FPGA Pin ; Ringback Voltage on Rise at FPGA Pin ; Ringback Voltage on Fall at FPGA Pin ; 10-90 Rise Time at FPGA Pin ; 90-10 Fall Time at FPGA Pin ; Monotonic Rise at FPGA Pin ; Monotonic Fall at FPGA Pin ; Steady State Voh at Far-end ; Steady State Vol at Far-end ; Voh Max at Far-end ; Vol Min at Far-end ; Ringback Voltage on Rise at Far-end ; Ringback Voltage on Fall at Far-end ; 10-90 Rise Time at Far-end ; 90-10 Fall Time at Far-end ; Monotonic Rise at Far-end ; Monotonic Fall at Far-end ;
+------------------+--------------+---------------------+---------------------+------------------------------+------------------------------+---------------------+---------------------+--------------------------------------+--------------------------------------+-----------------------------+-----------------------------+----------------------------+----------------------------+-----------------------------+-----------------------------+--------------------+--------------------+-------------------------------------+-------------------------------------+----------------------------+----------------------------+---------------------------+---------------------------+
; vga_hsync        ; 2.5 V        ; 0 s                 ; 0 s                 ; 2.32 V                       ; 1.16e-06 V                   ; 2.37 V              ; -0.0508 V           ; 0.153 V                              ; 0.187 V                              ; 4.63e-10 s                  ; 4.49e-10 s                  ; Yes                        ; Yes                        ; 2.32 V                      ; 1.16e-06 V                  ; 2.37 V             ; -0.0508 V          ; 0.153 V                             ; 0.187 V                             ; 4.63e-10 s                 ; 4.49e-10 s                 ; Yes                       ; Yes                       ;
; vga_vsync        ; 2.5 V        ; 0 s                 ; 0 s                 ; 2.32 V                       ; 1.16e-06 V                   ; 2.37 V              ; -0.049 V            ; 0.154 V                              ; 0.186 V                              ; 4.63e-10 s                  ; 4.5e-10 s                   ; Yes                        ; Yes                        ; 2.32 V                      ; 1.16e-06 V                  ; 2.37 V             ; -0.049 V           ; 0.154 V                             ; 0.186 V                             ; 4.63e-10 s                 ; 4.5e-10 s                  ; Yes                       ; Yes                       ;
; vga_red[0]       ; 2.5 V        ; 0 s                 ; 0 s                 ; 2.32 V                       ; 1.16e-06 V                   ; 2.37 V              ; -0.0459 V           ; 0.201 V                              ; 0.093 V                              ; 4.9e-10 s                   ; 5.83e-10 s                  ; Yes                        ; No                         ; 2.32 V                      ; 1.16e-06 V                  ; 2.37 V             ; -0.0459 V          ; 0.201 V                             ; 0.093 V                             ; 4.9e-10 s                  ; 5.83e-10 s                 ; Yes                       ; No                        ;
; vga_red[1]       ; 2.5 V        ; 0 s                 ; 0 s                 ; 2.32 V                       ; 1.16e-06 V                   ; 2.33 V              ; -0.00314 V          ; 0.21 V                               ; 0.115 V                              ; 4.79e-09 s                  ; 4.41e-09 s                  ; No                         ; Yes                        ; 2.32 V                      ; 1.16e-06 V                  ; 2.33 V             ; -0.00314 V         ; 0.21 V                              ; 0.115 V                             ; 4.79e-09 s                 ; 4.41e-09 s                 ; No                        ; Yes                       ;
; vga_red[2]       ; 2.5 V        ; 0 s                 ; 0 s                 ; 2.32 V                       ; 1.16e-06 V                   ; 2.37 V              ; -0.0508 V           ; 0.153 V                              ; 0.187 V                              ; 4.63e-10 s                  ; 4.49e-10 s                  ; Yes                        ; Yes                        ; 2.32 V                      ; 1.16e-06 V                  ; 2.37 V             ; -0.0508 V          ; 0.153 V                             ; 0.187 V                             ; 4.63e-10 s                 ; 4.49e-10 s                 ; Yes                       ; Yes                       ;
; vga_red[3]       ; 2.5 V        ; 0 s                 ; 0 s                 ; 2.32 V                       ; 1.16e-06 V                   ; 2.37 V              ; -0.0508 V           ; 0.153 V                              ; 0.187 V                              ; 4.63e-10 s                  ; 4.49e-10 s                  ; Yes                        ; Yes                        ; 2.32 V                      ; 1.16e-06 V                  ; 2.37 V             ; -0.0508 V          ; 0.153 V                             ; 0.187 V                             ; 4.63e-10 s                 ; 4.49e-10 s                 ; Yes                       ; Yes                       ;
; vga_green[0]     ; 2.5 V        ; 0 s                 ; 0 s                 ; 2.32 V                       ; 1.16e-06 V                   ; 2.37 V              ; -0.0508 V           ; 0.153 V                              ; 0.187 V                              ; 4.63e-10 s                  ; 4.49e-10 s                  ; Yes                        ; Yes                        ; 2.32 V                      ; 1.16e-06 V                  ; 2.37 V             ; -0.0508 V          ; 0.153 V                             ; 0.187 V                             ; 4.63e-10 s                 ; 4.49e-10 s                 ; Yes                       ; Yes                       ;
; vga_green[1]     ; 2.5 V        ; 0 s                 ; 0 s                 ; 2.32 V                       ; 1.16e-06 V                   ; 2.37 V              ; -0.049 V            ; 0.154 V                              ; 0.186 V                              ; 4.63e-10 s                  ; 4.5e-10 s                   ; Yes                        ; Yes                        ; 2.32 V                      ; 1.16e-06 V                  ; 2.37 V             ; -0.049 V           ; 0.154 V                             ; 0.186 V                             ; 4.63e-10 s                 ; 4.5e-10 s                  ; Yes                       ; Yes                       ;
; vga_green[2]     ; 2.5 V        ; 0 s                 ; 0 s                 ; 2.32 V                       ; 1.16e-06 V                   ; 2.37 V              ; -0.049 V            ; 0.154 V                              ; 0.186 V                              ; 4.63e-10 s                  ; 4.5e-10 s                   ; Yes                        ; Yes                        ; 2.32 V                      ; 1.16e-06 V                  ; 2.37 V             ; -0.049 V           ; 0.154 V                             ; 0.186 V                             ; 4.63e-10 s                 ; 4.5e-10 s                  ; Yes                       ; Yes                       ;
; vga_green[3]     ; 2.5 V        ; 0 s                 ; 0 s                 ; 2.32 V                       ; 1.16e-06 V                   ; 2.37 V              ; -0.0508 V           ; 0.153 V                              ; 0.187 V                              ; 4.63e-10 s                  ; 4.49e-10 s                  ; Yes                        ; Yes                        ; 2.32 V                      ; 1.16e-06 V                  ; 2.37 V             ; -0.0508 V          ; 0.153 V                             ; 0.187 V                             ; 4.63e-10 s                 ; 4.49e-10 s                 ; Yes                       ; Yes                       ;
; vga_blue[0]      ; 2.5 V        ; 0 s                 ; 0 s                 ; 2.32 V                       ; 1.16e-06 V                   ; 2.37 V              ; -0.049 V            ; 0.154 V                              ; 0.186 V                              ; 4.63e-10 s                  ; 4.5e-10 s                   ; Yes                        ; Yes                        ; 2.32 V                      ; 1.16e-06 V                  ; 2.37 V             ; -0.049 V           ; 0.154 V                             ; 0.186 V                             ; 4.63e-10 s                 ; 4.5e-10 s                  ; Yes                       ; Yes                       ;
; vga_blue[1]      ; 2.5 V        ; 0 s                 ; 0 s                 ; 2.32 V                       ; 1.16e-06 V                   ; 2.37 V              ; -0.0508 V           ; 0.153 V                              ; 0.187 V                              ; 4.63e-10 s                  ; 4.49e-10 s                  ; Yes                        ; Yes                        ; 2.32 V                      ; 1.16e-06 V                  ; 2.37 V             ; -0.0508 V          ; 0.153 V                             ; 0.187 V                             ; 4.63e-10 s                 ; 4.49e-10 s                 ; Yes                       ; Yes                       ;
; vga_blue[2]      ; 2.5 V        ; 0 s                 ; 0 s                 ; 2.32 V                       ; 1.16e-06 V                   ; 2.37 V              ; -0.0508 V           ; 0.153 V                              ; 0.187 V                              ; 4.63e-10 s                  ; 4.49e-10 s                  ; Yes                        ; Yes                        ; 2.32 V                      ; 1.16e-06 V                  ; 2.37 V             ; -0.0508 V          ; 0.153 V                             ; 0.187 V                             ; 4.63e-10 s                 ; 4.49e-10 s                 ; Yes                       ; Yes                       ;
; vga_blue[3]      ; 2.5 V        ; 0 s                 ; 0 s                 ; 2.32 V                       ; 1.16e-06 V                   ; 2.37 V              ; -0.049 V            ; 0.154 V                              ; 0.186 V                              ; 4.63e-10 s                  ; 4.5e-10 s                   ; Yes                        ; Yes                        ; 2.32 V                      ; 1.16e-06 V                  ; 2.37 V             ; -0.049 V           ; 0.154 V                             ; 0.186 V                             ; 4.63e-10 s                 ; 4.5e-10 s                  ; Yes                       ; Yes                       ;
; tx_serial        ; 2.5 V        ; 0 s                 ; 0 s                 ; 2.32 V                       ; 1.16e-06 V                   ; 2.37 V              ; -0.0508 V           ; 0.153 V                              ; 0.187 V                              ; 4.63e-10 s                  ; 4.49e-10 s                  ; Yes                        ; Yes                        ; 2.32 V                      ; 1.16e-06 V                  ; 2.37 V             ; -0.0508 V          ; 0.153 V                             ; 0.187 V                             ; 4.63e-10 s                 ; 4.49e-10 s                 ; Yes                       ; Yes                       ;
; current_state[0] ; 2.5 V        ; 0 s                 ; 0 s                 ; 2.32 V                       ; 1.16e-06 V                   ; 2.37 V              ; -0.049 V            ; 0.154 V                              ; 0.186 V                              ; 4.63e-10 s                  ; 4.5e-10 s                   ; Yes                        ; Yes                        ; 2.32 V                      ; 1.16e-06 V                  ; 2.37 V             ; -0.049 V           ; 0.154 V                             ; 0.186 V                             ; 4.63e-10 s                 ; 4.5e-10 s                  ; Yes                       ; Yes                       ;
; current_state[1] ; 2.5 V        ; 0 s                 ; 0 s                 ; 2.32 V                       ; 1.16e-06 V                   ; 2.37 V              ; -0.0508 V           ; 0.153 V                              ; 0.187 V                              ; 4.63e-10 s                  ; 4.49e-10 s                  ; Yes                        ; Yes                        ; 2.32 V                      ; 1.16e-06 V                  ; 2.37 V             ; -0.0508 V          ; 0.153 V                             ; 0.187 V                             ; 4.63e-10 s                 ; 4.49e-10 s                 ; Yes                       ; Yes                       ;
; current_state[2] ; 2.5 V        ; 0 s                 ; 0 s                 ; 2.32 V                       ; 1.16e-06 V                   ; 2.37 V              ; -0.049 V            ; 0.154 V                              ; 0.186 V                              ; 4.63e-10 s                  ; 4.5e-10 s                   ; Yes                        ; Yes                        ; 2.32 V                      ; 1.16e-06 V                  ; 2.37 V             ; -0.049 V           ; 0.154 V                             ; 0.186 V                             ; 4.63e-10 s                 ; 4.5e-10 s                  ; Yes                       ; Yes                       ;
; current_state[3] ; 2.5 V        ; 0 s                 ; 0 s                 ; 2.32 V                       ; 1.16e-06 V                   ; 2.37 V              ; -0.0508 V           ; 0.153 V                              ; 0.187 V                              ; 4.63e-10 s                  ; 4.49e-10 s                  ; Yes                        ; Yes                        ; 2.32 V                      ; 1.16e-06 V                  ; 2.37 V             ; -0.0508 V          ; 0.153 V                             ; 0.187 V                             ; 4.63e-10 s                 ; 4.49e-10 s                 ; Yes                       ; Yes                       ;
; current_state[4] ; 2.5 V        ; 0 s                 ; 0 s                 ; 2.32 V                       ; 1.16e-06 V                   ; 2.37 V              ; -0.0508 V           ; 0.153 V                              ; 0.187 V                              ; 4.63e-10 s                  ; 4.49e-10 s                  ; Yes                        ; Yes                        ; 2.32 V                      ; 1.16e-06 V                  ; 2.37 V             ; -0.0508 V          ; 0.153 V                             ; 0.187 V                             ; 4.63e-10 s                 ; 4.49e-10 s                 ; Yes                       ; Yes                       ;
; ~ALTERA_TDO~     ; 2.5 V        ; 0 s                 ; 0 s                 ; 2.32 V                       ; 1.97e-06 V                   ; 2.36 V              ; -0.0173 V           ; 0.144 V                              ; 0.094 V                              ; 6.44e-10 s                  ; 7.2e-10 s                   ; No                         ; Yes                        ; 2.32 V                      ; 1.97e-06 V                  ; 2.36 V             ; -0.0173 V          ; 0.144 V                             ; 0.094 V                             ; 6.44e-10 s                 ; 7.2e-10 s                  ; No                        ; Yes                       ;
+------------------+--------------+---------------------+---------------------+------------------------------+------------------------------+---------------------+---------------------+--------------------------------------+--------------------------------------+-----------------------------+-----------------------------+----------------------------+----------------------------+-----------------------------+-----------------------------+--------------------+--------------------+-------------------------------------+-------------------------------------+----------------------------+----------------------------+---------------------------+---------------------------+


+-----------------------------------------------------------------------------------------------------------------------------------------------------------------------------------------------------------------------------------------------------------------------------------------------------------------------------------------------------------------------------------------------------------------------------------------------------------------------------------------------------------------------------------------------------------------------------------------------------------------------------------------------------------------------------------------------+
; Signal Integrity Metrics (Fast 1200mv 0c Model)                                                                                                                                                                                                                                                                                                                                                                                                                                                                                                                                                                                                                                               ;
+------------------+--------------+---------------------+---------------------+------------------------------+------------------------------+---------------------+---------------------+--------------------------------------+--------------------------------------+-----------------------------+-----------------------------+----------------------------+----------------------------+-----------------------------+-----------------------------+--------------------+--------------------+-------------------------------------+-------------------------------------+----------------------------+----------------------------+---------------------------+---------------------------+
; Pin              ; I/O Standard ; Board Delay on Rise ; Board Delay on Fall ; Steady State Voh at FPGA Pin ; Steady State Vol at FPGA Pin ; Voh Max at FPGA Pin ; Vol Min at FPGA Pin ; Ringback Voltage on Rise at FPGA Pin ; Ringback Voltage on Fall at FPGA Pin ; 10-90 Rise Time at FPGA Pin ; 90-10 Fall Time at FPGA Pin ; Monotonic Rise at FPGA Pin ; Monotonic Fall at FPGA Pin ; Steady State Voh at Far-end ; Steady State Vol at Far-end ; Voh Max at Far-end ; Vol Min at Far-end ; Ringback Voltage on Rise at Far-end ; Ringback Voltage on Fall at Far-end ; 10-90 Rise Time at Far-end ; 90-10 Fall Time at Far-end ; Monotonic Rise at Far-end ; Monotonic Fall at Far-end ;
+------------------+--------------+---------------------+---------------------+------------------------------+------------------------------+---------------------+---------------------+--------------------------------------+--------------------------------------+-----------------------------+-----------------------------+----------------------------+----------------------------+-----------------------------+-----------------------------+--------------------+--------------------+-------------------------------------+-------------------------------------+----------------------------+----------------------------+---------------------------+---------------------------+
; vga_hsync        ; 2.5 V        ; 0 s                 ; 0 s                 ; 2.62 V                       ; 9.94e-08 V                   ; 2.78 V              ; -0.0444 V           ; 0.25 V                               ; 0.107 V                              ; 2.67e-10 s                  ; 2.75e-10 s                  ; No                         ; Yes                        ; 2.62 V                      ; 9.94e-08 V                  ; 2.78 V             ; -0.0444 V          ; 0.25 V                              ; 0.107 V                             ; 2.67e-10 s                 ; 2.75e-10 s                 ; No                        ; Yes                       ;
; vga_vsync        ; 2.5 V        ; 0 s                 ; 0 s                 ; 2.62 V                       ; 9.95e-08 V                   ; 2.78 V              ; -0.0452 V           ; 0.248 V                              ; 0.108 V                              ; 2.67e-10 s                  ; 2.75e-10 s                  ; No                         ; Yes                        ; 2.62 V                      ; 9.95e-08 V                  ; 2.78 V             ; -0.0452 V          ; 0.248 V                             ; 0.108 V                             ; 2.67e-10 s                 ; 2.75e-10 s                 ; No                        ; Yes                       ;
; vga_red[0]       ; 2.5 V        ; 0 s                 ; 0 s                 ; 2.62 V                       ; 9.94e-08 V                   ; 2.77 V              ; -0.0485 V           ; 0.289 V                              ; 0.058 V                              ; 2.81e-10 s                  ; 3.04e-10 s                  ; No                         ; Yes                        ; 2.62 V                      ; 9.94e-08 V                  ; 2.77 V             ; -0.0485 V          ; 0.289 V                             ; 0.058 V                             ; 2.81e-10 s                 ; 3.04e-10 s                 ; No                        ; Yes                       ;
; vga_red[1]       ; 2.5 V        ; 0 s                 ; 0 s                 ; 2.62 V                       ; 9.95e-08 V                   ; 2.64 V              ; -0.00893 V          ; 0.249 V                              ; 0.203 V                              ; 3.12e-09 s                  ; 3.02e-09 s                  ; No                         ; Yes                        ; 2.62 V                      ; 9.95e-08 V                  ; 2.64 V             ; -0.00893 V         ; 0.249 V                             ; 0.203 V                             ; 3.12e-09 s                 ; 3.02e-09 s                 ; No                        ; Yes                       ;
; vga_red[2]       ; 2.5 V        ; 0 s                 ; 0 s                 ; 2.62 V                       ; 9.94e-08 V                   ; 2.78 V              ; -0.0444 V           ; 0.25 V                               ; 0.107 V                              ; 2.67e-10 s                  ; 2.75e-10 s                  ; No                         ; Yes                        ; 2.62 V                      ; 9.94e-08 V                  ; 2.78 V             ; -0.0444 V          ; 0.25 V                              ; 0.107 V                             ; 2.67e-10 s                 ; 2.75e-10 s                 ; No                        ; Yes                       ;
; vga_red[3]       ; 2.5 V        ; 0 s                 ; 0 s                 ; 2.62 V                       ; 9.94e-08 V                   ; 2.78 V              ; -0.0444 V           ; 0.25 V                               ; 0.107 V                              ; 2.67e-10 s                  ; 2.75e-10 s                  ; No                         ; Yes                        ; 2.62 V                      ; 9.94e-08 V                  ; 2.78 V             ; -0.0444 V          ; 0.25 V                              ; 0.107 V                             ; 2.67e-10 s                 ; 2.75e-10 s                 ; No                        ; Yes                       ;
; vga_green[0]     ; 2.5 V        ; 0 s                 ; 0 s                 ; 2.62 V                       ; 9.94e-08 V                   ; 2.78 V              ; -0.0444 V           ; 0.25 V                               ; 0.107 V                              ; 2.67e-10 s                  ; 2.75e-10 s                  ; No                         ; Yes                        ; 2.62 V                      ; 9.94e-08 V                  ; 2.78 V             ; -0.0444 V          ; 0.25 V                              ; 0.107 V                             ; 2.67e-10 s                 ; 2.75e-10 s                 ; No                        ; Yes                       ;
; vga_green[1]     ; 2.5 V        ; 0 s                 ; 0 s                 ; 2.62 V                       ; 9.95e-08 V                   ; 2.78 V              ; -0.0452 V           ; 0.248 V                              ; 0.108 V                              ; 2.67e-10 s                  ; 2.75e-10 s                  ; No                         ; Yes                        ; 2.62 V                      ; 9.95e-08 V                  ; 2.78 V             ; -0.0452 V          ; 0.248 V                             ; 0.108 V                             ; 2.67e-10 s                 ; 2.75e-10 s                 ; No                        ; Yes                       ;
; vga_green[2]     ; 2.5 V        ; 0 s                 ; 0 s                 ; 2.62 V                       ; 9.95e-08 V                   ; 2.78 V              ; -0.0452 V           ; 0.248 V                              ; 0.108 V                              ; 2.67e-10 s                  ; 2.75e-10 s                  ; No                         ; Yes                        ; 2.62 V                      ; 9.95e-08 V                  ; 2.78 V             ; -0.0452 V          ; 0.248 V                             ; 0.108 V                             ; 2.67e-10 s                 ; 2.75e-10 s                 ; No                        ; Yes                       ;
; vga_green[3]     ; 2.5 V        ; 0 s                 ; 0 s                 ; 2.62 V                       ; 9.94e-08 V                   ; 2.78 V              ; -0.0444 V           ; 0.25 V                               ; 0.107 V                              ; 2.67e-10 s                  ; 2.75e-10 s                  ; No                         ; Yes                        ; 2.62 V                      ; 9.94e-08 V                  ; 2.78 V             ; -0.0444 V          ; 0.25 V                              ; 0.107 V                             ; 2.67e-10 s                 ; 2.75e-10 s                 ; No                        ; Yes                       ;
; vga_blue[0]      ; 2.5 V        ; 0 s                 ; 0 s                 ; 2.62 V                       ; 9.95e-08 V                   ; 2.78 V              ; -0.0452 V           ; 0.248 V                              ; 0.108 V                              ; 2.67e-10 s                  ; 2.75e-10 s                  ; No                         ; Yes                        ; 2.62 V                      ; 9.95e-08 V                  ; 2.78 V             ; -0.0452 V          ; 0.248 V                             ; 0.108 V                             ; 2.67e-10 s                 ; 2.75e-10 s                 ; No                        ; Yes                       ;
; vga_blue[1]      ; 2.5 V        ; 0 s                 ; 0 s                 ; 2.62 V                       ; 9.94e-08 V                   ; 2.78 V              ; -0.0444 V           ; 0.25 V                               ; 0.107 V                              ; 2.67e-10 s                  ; 2.75e-10 s                  ; No                         ; Yes                        ; 2.62 V                      ; 9.94e-08 V                  ; 2.78 V             ; -0.0444 V          ; 0.25 V                              ; 0.107 V                             ; 2.67e-10 s                 ; 2.75e-10 s                 ; No                        ; Yes                       ;
; vga_blue[2]      ; 2.5 V        ; 0 s                 ; 0 s                 ; 2.62 V                       ; 9.94e-08 V                   ; 2.78 V              ; -0.0444 V           ; 0.25 V                               ; 0.107 V                              ; 2.67e-10 s                  ; 2.75e-10 s                  ; No                         ; Yes                        ; 2.62 V                      ; 9.94e-08 V                  ; 2.78 V             ; -0.0444 V          ; 0.25 V                              ; 0.107 V                             ; 2.67e-10 s                 ; 2.75e-10 s                 ; No                        ; Yes                       ;
; vga_blue[3]      ; 2.5 V        ; 0 s                 ; 0 s                 ; 2.62 V                       ; 9.95e-08 V                   ; 2.78 V              ; -0.0452 V           ; 0.248 V                              ; 0.108 V                              ; 2.67e-10 s                  ; 2.75e-10 s                  ; No                         ; Yes                        ; 2.62 V                      ; 9.95e-08 V                  ; 2.78 V             ; -0.0452 V          ; 0.248 V                             ; 0.108 V                             ; 2.67e-10 s                 ; 2.75e-10 s                 ; No                        ; Yes                       ;
; tx_serial        ; 2.5 V        ; 0 s                 ; 0 s                 ; 2.62 V                       ; 9.94e-08 V                   ; 2.78 V              ; -0.0444 V           ; 0.25 V                               ; 0.107 V                              ; 2.67e-10 s                  ; 2.75e-10 s                  ; No                         ; Yes                        ; 2.62 V                      ; 9.94e-08 V                  ; 2.78 V             ; -0.0444 V          ; 0.25 V                              ; 0.107 V                             ; 2.67e-10 s                 ; 2.75e-10 s                 ; No                        ; Yes                       ;
; current_state[0] ; 2.5 V        ; 0 s                 ; 0 s                 ; 2.62 V                       ; 9.95e-08 V                   ; 2.78 V              ; -0.0452 V           ; 0.248 V                              ; 0.108 V                              ; 2.67e-10 s                  ; 2.75e-10 s                  ; No                         ; Yes                        ; 2.62 V                      ; 9.95e-08 V                  ; 2.78 V             ; -0.0452 V          ; 0.248 V                             ; 0.108 V                             ; 2.67e-10 s                 ; 2.75e-10 s                 ; No                        ; Yes                       ;
; current_state[1] ; 2.5 V        ; 0 s                 ; 0 s                 ; 2.62 V                       ; 9.94e-08 V                   ; 2.78 V              ; -0.0444 V           ; 0.25 V                               ; 0.107 V                              ; 2.67e-10 s                  ; 2.75e-10 s                  ; No                         ; Yes                        ; 2.62 V                      ; 9.94e-08 V                  ; 2.78 V             ; -0.0444 V          ; 0.25 V                              ; 0.107 V                             ; 2.67e-10 s                 ; 2.75e-10 s                 ; No                        ; Yes                       ;
; current_state[2] ; 2.5 V        ; 0 s                 ; 0 s                 ; 2.62 V                       ; 9.95e-08 V                   ; 2.78 V              ; -0.0452 V           ; 0.248 V                              ; 0.108 V                              ; 2.67e-10 s                  ; 2.75e-10 s                  ; No                         ; Yes                        ; 2.62 V                      ; 9.95e-08 V                  ; 2.78 V             ; -0.0452 V          ; 0.248 V                             ; 0.108 V                             ; 2.67e-10 s                 ; 2.75e-10 s                 ; No                        ; Yes                       ;
; current_state[3] ; 2.5 V        ; 0 s                 ; 0 s                 ; 2.62 V                       ; 9.94e-08 V                   ; 2.78 V              ; -0.0444 V           ; 0.25 V                               ; 0.107 V                              ; 2.67e-10 s                  ; 2.75e-10 s                  ; No                         ; Yes                        ; 2.62 V                      ; 9.94e-08 V                  ; 2.78 V             ; -0.0444 V          ; 0.25 V                              ; 0.107 V                             ; 2.67e-10 s                 ; 2.75e-10 s                 ; No                        ; Yes                       ;
; current_state[4] ; 2.5 V        ; 0 s                 ; 0 s                 ; 2.62 V                       ; 9.94e-08 V                   ; 2.78 V              ; -0.0444 V           ; 0.25 V                               ; 0.107 V                              ; 2.67e-10 s                  ; 2.75e-10 s                  ; No                         ; Yes                        ; 2.62 V                      ; 9.94e-08 V                  ; 2.78 V             ; -0.0444 V          ; 0.25 V                              ; 0.107 V                             ; 2.67e-10 s                 ; 2.75e-10 s                 ; No                        ; Yes                       ;
; ~ALTERA_TDO~     ; 2.5 V        ; 0 s                 ; 0 s                 ; 2.62 V                       ; 1.68e-07 V                   ; 2.73 V              ; -0.0395 V           ; 0.361 V                              ; 0.109 V                              ; 3.11e-10 s                  ; 4.41e-10 s                  ; No                         ; Yes                        ; 2.62 V                      ; 1.68e-07 V                  ; 2.73 V             ; -0.0395 V          ; 0.361 V                             ; 0.109 V                             ; 3.11e-10 s                 ; 4.41e-10 s                 ; No                        ; Yes                       ;
+------------------+--------------+---------------------+---------------------+------------------------------+------------------------------+---------------------+---------------------+--------------------------------------+--------------------------------------+-----------------------------+-----------------------------+----------------------------+----------------------------+-----------------------------+-----------------------------+--------------------+--------------------+-------------------------------------+-------------------------------------+----------------------------+----------------------------+---------------------------+---------------------------+


+-----------------------------------------------------------------------------------------------------------+
; Setup Transfers                                                                                           ;
+-------------------------------+-------------------------------+----------+----------+----------+----------+
; From Clock                    ; To Clock                      ; RR Paths ; FR Paths ; RF Paths ; FF Paths ;
+-------------------------------+-------------------------------+----------+----------+----------+----------+
; de10_clk                      ; de10_clk                      ; 10557    ; 0        ; 0        ; 0        ;
; frequency:GAME_CLOCK|temp_clk ; de10_clk                      ; 1        ; 1        ; 0        ; 0        ;
; frequency:TX_CLOCK|temp_clk   ; de10_clk                      ; 1        ; 1        ; 0        ; 0        ;
; frequency:VGA_CLOCK|temp_clk  ; de10_clk                      ; 1        ; 1        ; 0        ; 0        ;
; frequency:GAME_CLOCK|temp_clk ; frequency:GAME_CLOCK|temp_clk ; 2937     ; 0        ; 0        ; 0        ;
; frequency:GAME_CLOCK|temp_clk ; frequency:TX_CLOCK|temp_clk   ; 47       ; 0        ; 0        ; 0        ;
; frequency:TX_CLOCK|temp_clk   ; frequency:TX_CLOCK|temp_clk   ; 32       ; 0        ; 0        ; 0        ;
; frequency:VGA_CLOCK|temp_clk  ; frequency:VGA_CLOCK|temp_clk  ; 280      ; 0        ; 0        ; 0        ;
+-------------------------------+-------------------------------+----------+----------+----------+----------+
Entries labeled "false path" only account for clock-to-clock false paths and not path-based false paths. As a result, actual path counts may be lower than reported.


+-----------------------------------------------------------------------------------------------------------+
; Hold Transfers                                                                                            ;
+-------------------------------+-------------------------------+----------+----------+----------+----------+
; From Clock                    ; To Clock                      ; RR Paths ; FR Paths ; RF Paths ; FF Paths ;
+-------------------------------+-------------------------------+----------+----------+----------+----------+
; de10_clk                      ; de10_clk                      ; 10557    ; 0        ; 0        ; 0        ;
; frequency:GAME_CLOCK|temp_clk ; de10_clk                      ; 1        ; 1        ; 0        ; 0        ;
; frequency:TX_CLOCK|temp_clk   ; de10_clk                      ; 1        ; 1        ; 0        ; 0        ;
; frequency:VGA_CLOCK|temp_clk  ; de10_clk                      ; 1        ; 1        ; 0        ; 0        ;
; frequency:GAME_CLOCK|temp_clk ; frequency:GAME_CLOCK|temp_clk ; 2937     ; 0        ; 0        ; 0        ;
; frequency:GAME_CLOCK|temp_clk ; frequency:TX_CLOCK|temp_clk   ; 47       ; 0        ; 0        ; 0        ;
; frequency:TX_CLOCK|temp_clk   ; frequency:TX_CLOCK|temp_clk   ; 32       ; 0        ; 0        ; 0        ;
; frequency:VGA_CLOCK|temp_clk  ; frequency:VGA_CLOCK|temp_clk  ; 280      ; 0        ; 0        ; 0        ;
+-------------------------------+-------------------------------+----------+----------+----------+----------+
Entries labeled "false path" only account for clock-to-clock false paths and not path-based false paths. As a result, actual path counts may be lower than reported.


---------------
; Report TCCS ;
---------------
No dedicated SERDES Transmitter circuitry present in device or used in design


---------------
; Report RSKM ;
---------------
No non-DPA dedicated SERDES Receiver circuitry present in device or used in design


+------------------------------------------------+
; Unconstrained Paths Summary                    ;
+---------------------------------+-------+------+
; Property                        ; Setup ; Hold ;
+---------------------------------+-------+------+
; Illegal Clocks                  ; 0     ; 0    ;
; Unconstrained Clocks            ; 0     ; 0    ;
; Unconstrained Input Ports       ; 3     ; 3    ;
; Unconstrained Input Port Paths  ; 100   ; 100  ;
; Unconstrained Output Ports      ; 20    ; 20   ;
; Unconstrained Output Port Paths ; 410   ; 410  ;
+---------------------------------+-------+------+


+------------------------------------------------------------------------------------+
; Clock Status Summary                                                               ;
+-------------------------------+-------------------------------+------+-------------+
; Target                        ; Clock                         ; Type ; Status      ;
+-------------------------------+-------------------------------+------+-------------+
; de10_clk                      ; de10_clk                      ; Base ; Constrained ;
; frequency:GAME_CLOCK|temp_clk ; frequency:GAME_CLOCK|temp_clk ; Base ; Constrained ;
; frequency:TX_CLOCK|temp_clk   ; frequency:TX_CLOCK|temp_clk   ; Base ; Constrained ;
; frequency:VGA_CLOCK|temp_clk  ; frequency:VGA_CLOCK|temp_clk  ; Base ; Constrained ;
+-------------------------------+-------------------------------+------+-------------+


+-----------------------------------------------------------------------------------------------------+
; Unconstrained Input Ports                                                                           ;
+--------------+--------------------------------------------------------------------------------------+
; Input Port   ; Comment                                                                              ;
+--------------+--------------------------------------------------------------------------------------+
; ready        ; No input delay, min/max delays, false-path exceptions, or max skew assignments found ;
; reset        ; No input delay, min/max delays, false-path exceptions, or max skew assignments found ;
; swing_sensor ; No input delay, min/max delays, false-path exceptions, or max skew assignments found ;
+--------------+--------------------------------------------------------------------------------------+


+----------------------------------------------------------------------------------------------------------+
; Unconstrained Output Ports                                                                               ;
+------------------+---------------------------------------------------------------------------------------+
; Output Port      ; Comment                                                                               ;
+------------------+---------------------------------------------------------------------------------------+
; current_state[0] ; No output delay, min/max delays, false-path exceptions, or max skew assignments found ;
; current_state[1] ; No output delay, min/max delays, false-path exceptions, or max skew assignments found ;
; current_state[2] ; No output delay, min/max delays, false-path exceptions, or max skew assignments found ;
; current_state[3] ; No output delay, min/max delays, false-path exceptions, or max skew assignments found ;
; current_state[4] ; No output delay, min/max delays, false-path exceptions, or max skew assignments found ;
; tx_serial        ; No output delay, min/max delays, false-path exceptions, or max skew assignments found ;
; vga_blue[0]      ; No output delay, min/max delays, false-path exceptions, or max skew assignments found ;
; vga_blue[1]      ; No output delay, min/max delays, false-path exceptions, or max skew assignments found ;
; vga_blue[2]      ; No output delay, min/max delays, false-path exceptions, or max skew assignments found ;
; vga_blue[3]      ; No output delay, min/max delays, false-path exceptions, or max skew assignments found ;
; vga_green[0]     ; No output delay, min/max delays, false-path exceptions, or max skew assignments found ;
; vga_green[1]     ; No output delay, min/max delays, false-path exceptions, or max skew assignments found ;
; vga_green[2]     ; No output delay, min/max delays, false-path exceptions, or max skew assignments found ;
; vga_green[3]     ; No output delay, min/max delays, false-path exceptions, or max skew assignments found ;
; vga_hsync        ; No output delay, min/max delays, false-path exceptions, or max skew assignments found ;
; vga_red[0]       ; No output delay, min/max delays, false-path exceptions, or max skew assignments found ;
; vga_red[1]       ; No output delay, min/max delays, false-path exceptions, or max skew assignments found ;
; vga_red[2]       ; No output delay, min/max delays, false-path exceptions, or max skew assignments found ;
; vga_red[3]       ; No output delay, min/max delays, false-path exceptions, or max skew assignments found ;
; vga_vsync        ; No output delay, min/max delays, false-path exceptions, or max skew assignments found ;
+------------------+---------------------------------------------------------------------------------------+


+-----------------------------------------------------------------------------------------------------+
; Unconstrained Input Ports                                                                           ;
+--------------+--------------------------------------------------------------------------------------+
; Input Port   ; Comment                                                                              ;
+--------------+--------------------------------------------------------------------------------------+
; ready        ; No input delay, min/max delays, false-path exceptions, or max skew assignments found ;
; reset        ; No input delay, min/max delays, false-path exceptions, or max skew assignments found ;
; swing_sensor ; No input delay, min/max delays, false-path exceptions, or max skew assignments found ;
+--------------+--------------------------------------------------------------------------------------+


+----------------------------------------------------------------------------------------------------------+
; Unconstrained Output Ports                                                                               ;
+------------------+---------------------------------------------------------------------------------------+
; Output Port      ; Comment                                                                               ;
+------------------+---------------------------------------------------------------------------------------+
; current_state[0] ; No output delay, min/max delays, false-path exceptions, or max skew assignments found ;
; current_state[1] ; No output delay, min/max delays, false-path exceptions, or max skew assignments found ;
; current_state[2] ; No output delay, min/max delays, false-path exceptions, or max skew assignments found ;
; current_state[3] ; No output delay, min/max delays, false-path exceptions, or max skew assignments found ;
; current_state[4] ; No output delay, min/max delays, false-path exceptions, or max skew assignments found ;
; tx_serial        ; No output delay, min/max delays, false-path exceptions, or max skew assignments found ;
; vga_blue[0]      ; No output delay, min/max delays, false-path exceptions, or max skew assignments found ;
; vga_blue[1]      ; No output delay, min/max delays, false-path exceptions, or max skew assignments found ;
; vga_blue[2]      ; No output delay, min/max delays, false-path exceptions, or max skew assignments found ;
; vga_blue[3]      ; No output delay, min/max delays, false-path exceptions, or max skew assignments found ;
; vga_green[0]     ; No output delay, min/max delays, false-path exceptions, or max skew assignments found ;
; vga_green[1]     ; No output delay, min/max delays, false-path exceptions, or max skew assignments found ;
; vga_green[2]     ; No output delay, min/max delays, false-path exceptions, or max skew assignments found ;
; vga_green[3]     ; No output delay, min/max delays, false-path exceptions, or max skew assignments found ;
; vga_hsync        ; No output delay, min/max delays, false-path exceptions, or max skew assignments found ;
; vga_red[0]       ; No output delay, min/max delays, false-path exceptions, or max skew assignments found ;
; vga_red[1]       ; No output delay, min/max delays, false-path exceptions, or max skew assignments found ;
; vga_red[2]       ; No output delay, min/max delays, false-path exceptions, or max skew assignments found ;
; vga_red[3]       ; No output delay, min/max delays, false-path exceptions, or max skew assignments found ;
; vga_vsync        ; No output delay, min/max delays, false-path exceptions, or max skew assignments found ;
+------------------+---------------------------------------------------------------------------------------+


+--------------------------+
; Timing Analyzer Messages ;
+--------------------------+
Info: *******************************************************************
Info: Running Quartus Prime Timing Analyzer
    Info: Version 25.1std.0 Build 1129 10/21/2025 SC Lite Edition
    Info: Processing started: Thu Mar  5 16:51:12 2026
Info: Command: quartus_sta baseball_integration -c baseball_integration
Info: qsta_default_script.tcl version: #1
Warning (18236): Number of processors has not been specified which may cause overloading on shared machines.  Set the global assignment NUM_PARALLEL_PROCESSORS in your QSF to an appropriate value for best performance.
Info (20030): Parallel compilation is enabled and will use 10 of the 10 processors detected
Info (21077): Low junction temperature is 0 degrees C
Info (21077): High junction temperature is 85 degrees C
Critical Warning (332012): Synopsys Design Constraints File file not found: 'baseball_integration.sdc'. A Synopsys Design Constraints File is required by the Timing Analyzer to get proper timing constraints. Without it, the Compiler will not properly optimize the design.
Info (332142): No user constrained base clocks found in the design. Calling "derive_clocks -period 1.0"
Info (332105): Deriving Clocks
    Info (332105): create_clock -period 1.000 -name frequency:VGA_CLOCK|temp_clk frequency:VGA_CLOCK|temp_clk
    Info (332105): create_clock -period 1.000 -name de10_clk de10_clk
    Info (332105): create_clock -period 1.000 -name frequency:GAME_CLOCK|temp_clk frequency:GAME_CLOCK|temp_clk
    Info (332105): create_clock -period 1.000 -name frequency:TX_CLOCK|temp_clk frequency:TX_CLOCK|temp_clk
Info (332143): No user constrained clock uncertainty found in the design. Calling "derive_clock_uncertainty"
Info (332123): Deriving Clock Uncertainty. Please refer to report_sdc in the Timing Analyzer to see clock uncertainties.
Info: Found TIMING_ANALYZER_REPORT_SCRIPT_INCLUDE_DEFAULT_ANALYSIS = ON
Info: Analyzing Slow 1200mV 85C Model
Info: Can't run Report Timing Closure Recommendations. The current device family is not supported.
Critical Warning (332148): Timing requirements not met
Info (332146): Worst-case setup slack is -7.195
    Info (332119):     Slack       End Point TNS Clock 
    Info (332119): ========= =================== =====================
    Info (332119):    -7.195            -256.789 de10_clk 
    Info (332119):    -4.638            -116.475 frequency:GAME_CLOCK|temp_clk 
    Info (332119):    -2.129             -29.493 frequency:VGA_CLOCK|temp_clk 
    Info (332119):    -1.908             -14.187 frequency:TX_CLOCK|temp_clk 
Info (332146): Worst-case hold slack is 0.347
    Info (332119):     Slack       End Point TNS Clock 
    Info (332119): ========= =================== =====================
    Info (332119):     0.347               0.000 frequency:GAME_CLOCK|temp_clk 
    Info (332119):     0.402               0.000 frequency:TX_CLOCK|temp_clk 
    Info (332119):     0.518               0.000 frequency:VGA_CLOCK|temp_clk 
    Info (332119):     0.628               0.000 de10_clk 
Info (332140): No Recovery paths to report
Info (332140): No Removal paths to report
Info (332146): Worst-case minimum pulse width slack is -3.000
    Info (332119):     Slack       End Point TNS Clock 
    Info (332119): ========= =================== =====================
    Info (332119):    -3.000            -139.091 de10_clk 
    Info (332119):    -1.403             -49.105 frequency:GAME_CLOCK|temp_clk 
    Info (332119):    -1.403             -44.896 frequency:TX_CLOCK|temp_clk 
    Info (332119):    -1.403             -28.060 frequency:VGA_CLOCK|temp_clk 
Info: Analyzing Slow 1200mV 0C Model
Info (334003): Started post-fitting delay annotation
Info (334004): Delay annotation completed successfully
Info (332123): Deriving Clock Uncertainty. Please refer to report_sdc in the Timing Analyzer to see clock uncertainties.
Critical Warning (332148): Timing requirements not met
Info (332146): Worst-case setup slack is -6.593
    Info (332119):     Slack       End Point TNS Clock 
    Info (332119): ========= =================== =====================
    Info (332119):    -6.593            -224.137 de10_clk 
    Info (332119):    -4.208            -104.580 frequency:GAME_CLOCK|temp_clk 
    Info (332119):    -1.853             -25.017 frequency:VGA_CLOCK|temp_clk 
    Info (332119):    -1.654             -11.432 frequency:TX_CLOCK|temp_clk 
Info (332146): Worst-case hold slack is 0.312
    Info (332119):     Slack       End Point TNS Clock 
    Info (332119): ========= =================== =====================
    Info (332119):     0.312               0.000 frequency:GAME_CLOCK|temp_clk 
    Info (332119):     0.359               0.000 frequency:TX_CLOCK|temp_clk 
    Info (332119):     0.460               0.000 frequency:VGA_CLOCK|temp_clk 
    Info (332119):     0.580               0.000 de10_clk 
Info (332140): No Recovery paths to report
Info (332140): No Removal paths to report
Info (332146): Worst-case minimum pulse width slack is -3.000
    Info (332119):     Slack       End Point TNS Clock 
    Info (332119): ========= =================== =====================
    Info (332119):    -3.000            -139.091 de10_clk 
    Info (332119):    -1.403             -49.105 frequency:GAME_CLOCK|temp_clk 
    Info (332119):    -1.403             -44.896 frequency:TX_CLOCK|temp_clk 
    Info (332119):    -1.403             -28.060 frequency:VGA_CLOCK|temp_clk 
Info: Analyzing Fast 1200mV 0C Model
Info (332123): Deriving Clock Uncertainty. Please refer to report_sdc in the Timing Analyzer to see clock uncertainties.
Critical Warning (332148): Timing requirements not met
Info (332146): Worst-case setup slack is -2.414
    Info (332119):     Slack       End Point TNS Clock 
    Info (332119): ========= =================== =====================
    Info (332119):    -2.414             -48.447 de10_clk 
    Info (332119):    -1.365             -28.118 frequency:GAME_CLOCK|temp_clk 
    Info (332119):    -0.327              -2.473 frequency:VGA_CLOCK|temp_clk 
    Info (332119):    -0.263              -0.784 frequency:TX_CLOCK|temp_clk 
Info (332146): Worst-case hold slack is 0.152
    Info (332119):     Slack       End Point TNS Clock 
    Info (332119): ========= =================== =====================
    Info (332119):     0.152               0.000 frequency:GAME_CLOCK|temp_clk 
    Info (332119):     0.161               0.000 frequency:TX_CLOCK|temp_clk 
    Info (332119):     0.190               0.000 frequency:VGA_CLOCK|temp_clk 
    Info (332119):     0.242               0.000 de10_clk 
Info (332140): No Recovery paths to report
Info (332140): No Removal paths to report
Info (332146): Worst-case minimum pulse width slack is -3.000
    Info (332119):     Slack       End Point TNS Clock 
    Info (332119): ========= =================== =====================
    Info (332119):    -3.000            -102.665 de10_clk 
    Info (332119):    -1.000             -35.000 frequency:GAME_CLOCK|temp_clk 
    Info (332119):    -1.000             -32.000 frequency:TX_CLOCK|temp_clk 
    Info (332119):    -1.000             -20.000 frequency:VGA_CLOCK|temp_clk 
Info (332102): Design is not fully constrained for setup requirements
Info (332102): Design is not fully constrained for hold requirements
Info: Quartus Prime Timing Analyzer was successful. 0 errors, 5 warnings
    Info: Peak virtual memory: 4960 megabytes
    Info: Processing ended: Thu Mar  5 16:51:17 2026
    Info: Elapsed time: 00:00:05
    Info: Total CPU time (on all processors): 00:00:06


